{
  "approved": [
    5162551291,
    7623024736,
    1862221401,
    6710682579,
    7034610665,
    5497560719,
    6364421272,
    5838548830,
    8142585831,
    5031952697,
    6676085115,
    5878787791,
    1617571663,
    5015200777,
    876696206,
    8004726246,
    6942850705,
    8473794103,
    6555417445,
    6634075197,
    6213353620,
    5071114433,
    1986241020,
    7275611944,
    5076469180,
    1924281021,
    7130043537,
    7424314987,
    5821980445,
    6898076721,
    6208324418,
    5576629799,
    6554188136,
    8317557986,
    6414326856,
    7393768859,
    5080580355,
    7868898765,
    6248974658,
    5810613583,
    6171818969,
    8458370695,
    834328173,
    5307002424,
    7029553101,
    2032913012,
    6026139022,
    7925227211,
    8355494462,
    5933069126,
    8051565270,
    7447844495,
    1628577700,
    6068468333,
    7622293017,
    7552181834,
    6156783757,
    7912537986,
    6951962997,
    7607971811,
    6331499705,
    8261870859,
    6521508177,
    7031724617,
    6891931983,
    6048611462,
    6830762543,
    8584429532,
    8206943849,
    7439476731,
    5285118042,
    8741502025,
    6228793847,
    2100473364,
    1810172458,
    6718503524,
    5239117902,
    6041920632,
    6375871842,
    1982498513,
    5762620044,
    2087362070,
    8560438814,
    7483432004,
    7436128066,
    7210680720,
    6303541246,
    6667766194,
    7929961375,
    7932513683,
    5563282703,
    7959096065,
    6474492823,
    6325174122,
    6928895096,
    6699688350,
    6949452178,
    7436092326,
    2013742212,
    8423030539,
    1447340583
  ],
  "pending": [],
  "banned": [
    2102149871,
    8363980383
  ],
  "requests": {
    "7692474286": 1778918422.829792,
    "6105447082": 1778938812.8073432
  }
}